input_text,output_text
"question: What is an Operating System according to this book?","An operating system is a layer of software that runs in kernel mode. Its main task is to provide a clean and simple abstraction for application programmers (turning 'ugly' hardware into 'beautiful' interfaces) and to manage resources (resource manager) such as CPU, memory, and disks."
"question: Explain the concept of the Operating System as an Extended Machine.","As an Extended Machine, the OS hides the complexity and messiness of the hardware that is difficult to program. It presents elegant and consistent abstractions, such as the concept of 'Files' to replace complex disk management details."
"question: What is the role of the Operating System as a Resource Manager?","As a Resource Manager, the OS is responsible for allocating processors, memories, and I/O devices orderly among various competing programs. This involves multiplexing resources in time (time multiplexing) and in space (space multiplexing)."
"question: What is the difference between Kernel Mode and User Mode?","Kernel mode (supervisor mode) grants full access to all hardware and machine instructions; the OS runs in this mode. User mode only permits a subset of instructions and cannot access hardware directly; application programs run in this mode."
"question: Describe the First Generation of computers (1945-1955).","The first generation used vacuum tubes and plugboards. There were no programming languages or operating systems. Programmers worked directly with the machine using absolute machine language."
"question: What characterizes the Second Generation of computers (1955-1965)?","The second generation used transistors and batch systems. Computers (mainframes) were managed by professional operators. Programmers wrote programs on paper (FORTRAN or Assembly), which were then transferred to punched cards."
"question: What is multiprogramming introduced in the Third Generation?","Multiprogramming is the technique of partitioning memory into several parts to hold multiple jobs at once. When one job waits for I/O, the CPU can switch to another job to avoid being idle."
"question: Explain the IBM System/360.","The IBM System/360 was the first line of software-compatible machines using integrated circuits. It was designed to handle both scientific and commercial computing and introduced the highly complex OS/360."
"question: What is spooling?","Spooling (Simultaneous Peripheral Operation On Line) is the ability to read jobs from cards onto the disk as soon as they are brought to the computer room. When a running job finishes, the operating system loads a new job from the disk into an empty partition."
"question: List the memory hierarchy in a modern computer.","From fastest and smallest to slowest and largest, the memory hierarchy is: registers inside the CPU, cache memory (L1 and L2), main memory (RAM), and magnetic disk storage."
"question: What is the function of the MMU (Memory Management Unit)?","The Memory Management Unit maps virtual memory addresses generated by programs to physical addresses in RAM, enabling the use of virtual memory."
"question: What is POSIX?","POSIX is a standard developed by IEEE for UNIX systems. It defines a minimal system-call interface that UNIX implementations must support to ensure program portability."
"question: Explain the fork system call in UNIX.","Fork is the system call used to create a new process. It creates an exact duplicate of the calling process. In the child process, fork returns zero; in the parent process, it returns the child's process ID."
"question: What is the difference between monolithic systems and microkernels?","In monolithic systems, the entire operating system runs in kernel mode as a single program. In microkernel architectures, only essential services run in kernel mode, while others run as user processes to improve reliability."
"question: What is a system call?","A system call is the mechanism by which a user program requests services from the operating system. It is implemented using a trap instruction that switches execution from user mode to kernel mode."
"question: What is a pipe in UNIX?","A pipe is a pseudo-file that allows the output of one process to be used as the input of another process, enabling inter-process communication."
"question: What is a Virtual Machine Monitor (Type 1 Hypervisor)?","A Virtual Machine Monitor is software that runs directly on the hardware and provides multiple virtual machines, each appearing as a complete physical computer."
"question: What is the function of the execve system call?","Execve replaces the current process image with a new program image, allowing a process to execute a different program after a fork."
"question: Explain the concept 'Ontogeny Recapitulates Phylogeny' in the context of operating systems.","It means that new computing technologies often repeat the evolutionary stages of earlier systems. For example, early mobile systems initially lacked memory protection, similar to early mainframes, before gradually adding such features."
"question: What is a trap instruction?","A trap instruction is a special instruction that switches the CPU from user mode to kernel mode and transfers control to the operating system to handle system calls or exceptional conditions."
